{
 "K": [
  [
   5807.27992,
   0.0,
   1546.62646
  ],
  [
   0.0,
   5641.97171,
   1055.86033
  ],
  [
   0.0,
   0.0,
   1.0
  ]
 ],
 "distortion": [
  [
   -0.219647568,
   0.220958583,
   -0.0293834101,
   0.000771976157,
   -6.09148804
  ]
 ]
}
